Model,Accuracy,Precision,Recall,F1 Score
Tuned SVM,0.96875,0.94375,0.96875,0.9548611111111112
Tuned k-NN,0.90625,0.8828125,0.90625,0.8928571428571428
Logistic Regression,0.875,0.8463541666666667,0.875,0.8569487577639752
Random Forest,0.84375,0.8269230769230769,0.84375,0.828125
Tuned Random Forest,0.84375,0.8269230769230769,0.84375,0.828125
k-NN,0.84375,0.8165064102564102,0.84375,0.8266369047619048
SVM,0.84375,0.8034855769230769,0.84375,0.8147321428571428
Decision Tree,0.8125,0.8015625,0.8125,0.8002717391304349
